[
  {
    "name": "Application Start",
    "start": 1592384640666,
    "end": 1592384641690,
    "duration": 1024,
    "pid": 10840,
    "index": 0
  },
  {
    "name": "Load Plugin",
    "start": 1592384640669,
    "end": 1592384640690,
    "duration": 21,
    "pid": 10840,
    "index": 1
  },
  {
    "name": "Load Config",
    "start": 1592384640690,
    "end": 1592384640710,
    "duration": 20,
    "pid": 10840,
    "index": 2
  },
  {
    "name": "Require(0) config/config.default.js",
    "start": 1592384640690,
    "end": 1592384640691,
    "duration": 1,
    "pid": 10840,
    "index": 3
  },
  {
    "name": "Require(1) node_modules/_egg-session@3.2.0@egg-session/config/config.default.js",
    "start": 1592384640692,
    "end": 1592384640692,
    "duration": 0,
    "pid": 10840,
    "index": 4
  },
  {
    "name": "Require(2) node_modules/_egg-security@2.8.0@egg-security/config/config.default.js",
    "start": 1592384640692,
    "end": 1592384640693,
    "duration": 1,
    "pid": 10840,
    "index": 5
  },
  {
    "name": "Require(3) node_modules/_egg-jsonp@2.0.0@egg-jsonp/config/config.default.js",
    "start": 1592384640694,
    "end": 1592384640694,
    "duration": 0,
    "pid": 10840,
    "index": 6
  },
  {
    "name": "Require(4) node_modules/_egg-onerror@2.1.0@egg-onerror/config/config.default.js",
    "start": 1592384640694,
    "end": 1592384640695,
    "duration": 1,
    "pid": 10840,
    "index": 7
  },
  {
    "name": "Require(5) node_modules/_egg-i18n@2.1.1@egg-i18n/config/config.default.js",
    "start": 1592384640695,
    "end": 1592384640695,
    "duration": 0,
    "pid": 10840,
    "index": 8
  },
  {
    "name": "Require(6) node_modules/_egg-watcher@3.1.1@egg-watcher/config/config.default.js",
    "start": 1592384640696,
    "end": 1592384640696,
    "duration": 0,
    "pid": 10840,
    "index": 9
  },
  {
    "name": "Require(7) node_modules/_egg-schedule@3.6.4@egg-schedule/config/config.default.js",
    "start": 1592384640697,
    "end": 1592384640697,
    "duration": 0,
    "pid": 10840,
    "index": 10
  },
  {
    "name": "Require(8) node_modules/_egg-multipart@2.10.3@egg-multipart/config/config.default.js",
    "start": 1592384640697,
    "end": 1592384640698,
    "duration": 1,
    "pid": 10840,
    "index": 11
  },
  {
    "name": "Require(9) node_modules/_egg-development@2.5.0@egg-development/config/config.default.js",
    "start": 1592384640698,
    "end": 1592384640699,
    "duration": 1,
    "pid": 10840,
    "index": 12
  },
  {
    "name": "Require(10) node_modules/_egg-logrotator@3.1.0@egg-logrotator/config/config.default.js",
    "start": 1592384640699,
    "end": 1592384640700,
    "duration": 1,
    "pid": 10840,
    "index": 13
  },
  {
    "name": "Require(11) node_modules/_egg-static@2.2.0@egg-static/config/config.default.js",
    "start": 1592384640700,
    "end": 1592384640700,
    "duration": 0,
    "pid": 10840,
    "index": 14
  },
  {
    "name": "Require(12) node_modules/_egg-view@2.1.2@egg-view/config/config.default.js",
    "start": 1592384640701,
    "end": 1592384640701,
    "duration": 0,
    "pid": 10840,
    "index": 15
  },
  {
    "name": "Require(13) node_modules/_egg-mongoose@3.2.0@egg-mongoose/config/config.default.js",
    "start": 1592384640701,
    "end": 1592384640702,
    "duration": 1,
    "pid": 10840,
    "index": 16
  },
  {
    "name": "Require(14) node_modules/_egg-view-ejs@2.0.1@egg-view-ejs/config/config.default.js",
    "start": 1592384640702,
    "end": 1592384640703,
    "duration": 1,
    "pid": 10840,
    "index": 17
  },
  {
    "name": "Require(15) node_modules/_egg-jwt@3.1.7@egg-jwt/config/config.default.js",
    "start": 1592384640703,
    "end": 1592384640703,
    "duration": 0,
    "pid": 10840,
    "index": 18
  },
  {
    "name": "Require(16) node_modules/_egg@2.26.1@egg/config/config.default.js",
    "start": 1592384640704,
    "end": 1592384640704,
    "duration": 0,
    "pid": 10840,
    "index": 19
  },
  {
    "name": "Require(17) config/config.default.js",
    "start": 1592384640705,
    "end": 1592384640706,
    "duration": 1,
    "pid": 10840,
    "index": 20
  },
  {
    "name": "Require(18) node_modules/_egg-security@2.8.0@egg-security/config/config.local.js",
    "start": 1592384640706,
    "end": 1592384640706,
    "duration": 0,
    "pid": 10840,
    "index": 21
  },
  {
    "name": "Require(19) node_modules/_egg-watcher@3.1.1@egg-watcher/config/config.local.js",
    "start": 1592384640707,
    "end": 1592384640707,
    "duration": 0,
    "pid": 10840,
    "index": 22
  },
  {
    "name": "Require(20) node_modules/_egg-view@2.1.2@egg-view/config/config.local.js",
    "start": 1592384640708,
    "end": 1592384640708,
    "duration": 0,
    "pid": 10840,
    "index": 23
  },
  {
    "name": "Require(21) node_modules/_egg-view-ejs@2.0.1@egg-view-ejs/config/config.local.js",
    "start": 1592384640709,
    "end": 1592384640709,
    "duration": 0,
    "pid": 10840,
    "index": 24
  },
  {
    "name": "Require(22) node_modules/_egg@2.26.1@egg/config/config.local.js",
    "start": 1592384640709,
    "end": 1592384640710,
    "duration": 1,
    "pid": 10840,
    "index": 25
  },
  {
    "name": "Load extend/application.js",
    "start": 1592384640711,
    "end": 1592384640766,
    "duration": 55,
    "pid": 10840,
    "index": 26
  },
  {
    "name": "Require(23) node_modules/_egg-session@3.2.0@egg-session/app/extend/application.js",
    "start": 1592384640711,
    "end": 1592384640712,
    "duration": 1,
    "pid": 10840,
    "index": 27
  },
  {
    "name": "Require(24) node_modules/_egg-security@2.8.0@egg-security/app/extend/application.js",
    "start": 1592384640712,
    "end": 1592384640714,
    "duration": 2,
    "pid": 10840,
    "index": 28
  },
  {
    "name": "Require(25) node_modules/_egg-jsonp@2.0.0@egg-jsonp/app/extend/application.js",
    "start": 1592384640715,
    "end": 1592384640717,
    "duration": 2,
    "pid": 10840,
    "index": 29
  },
  {
    "name": "Require(26) node_modules/_egg-logrotator@3.1.0@egg-logrotator/app/extend/application.js",
    "start": 1592384640718,
    "end": 1592384640724,
    "duration": 6,
    "pid": 10840,
    "index": 30
  },
  {
    "name": "Require(27) node_modules/_egg-view@2.1.2@egg-view/app/extend/application.js",
    "start": 1592384640725,
    "end": 1592384640727,
    "duration": 2,
    "pid": 10840,
    "index": 31
  },
  {
    "name": "Require(28) node_modules/_egg-jwt@3.1.7@egg-jwt/app/extend/application.js",
    "start": 1592384640728,
    "end": 1592384640764,
    "duration": 36,
    "pid": 10840,
    "index": 32
  },
  {
    "name": "Load extend/request.js",
    "start": 1592384640766,
    "end": 1592384640772,
    "duration": 6,
    "pid": 10840,
    "index": 33
  },
  {
    "name": "Require(29) node_modules/_egg@2.26.1@egg/app/extend/request.js",
    "start": 1592384640768,
    "end": 1592384640770,
    "duration": 2,
    "pid": 10840,
    "index": 34
  },
  {
    "name": "Load extend/response.js",
    "start": 1592384640772,
    "end": 1592384640779,
    "duration": 7,
    "pid": 10840,
    "index": 35
  },
  {
    "name": "Require(30) node_modules/_egg@2.26.1@egg/app/extend/response.js",
    "start": 1592384640775,
    "end": 1592384640777,
    "duration": 2,
    "pid": 10840,
    "index": 36
  },
  {
    "name": "Load extend/context.js",
    "start": 1592384640779,
    "end": 1592384640863,
    "duration": 84,
    "pid": 10840,
    "index": 37
  },
  {
    "name": "Require(31) node_modules/_egg-security@2.8.0@egg-security/app/extend/context.js",
    "start": 1592384640780,
    "end": 1592384640791,
    "duration": 11,
    "pid": 10840,
    "index": 38
  },
  {
    "name": "Require(32) node_modules/_egg-jsonp@2.0.0@egg-jsonp/app/extend/context.js",
    "start": 1592384640792,
    "end": 1592384640794,
    "duration": 2,
    "pid": 10840,
    "index": 39
  },
  {
    "name": "Require(33) node_modules/_egg-i18n@2.1.1@egg-i18n/app/extend/context.js",
    "start": 1592384640794,
    "end": 1592384640795,
    "duration": 1,
    "pid": 10840,
    "index": 40
  },
  {
    "name": "Require(34) node_modules/_egg-multipart@2.10.3@egg-multipart/app/extend/context.js",
    "start": 1592384640796,
    "end": 1592384640857,
    "duration": 61,
    "pid": 10840,
    "index": 41
  },
  {
    "name": "Require(35) node_modules/_egg-view@2.1.2@egg-view/app/extend/context.js",
    "start": 1592384640858,
    "end": 1592384640859,
    "duration": 1,
    "pid": 10840,
    "index": 42
  },
  {
    "name": "Require(36) node_modules/_egg-mongoose@3.2.0@egg-mongoose/app/extend/context.js",
    "start": 1592384640859,
    "end": 1592384640859,
    "duration": 0,
    "pid": 10840,
    "index": 43
  },
  {
    "name": "Require(37) node_modules/_egg@2.26.1@egg/app/extend/context.js",
    "start": 1592384640860,
    "end": 1592384640861,
    "duration": 1,
    "pid": 10840,
    "index": 44
  },
  {
    "name": "Load extend/helper.js",
    "start": 1592384640863,
    "end": 1592384640884,
    "duration": 21,
    "pid": 10840,
    "index": 45
  },
  {
    "name": "Require(38) node_modules/_egg-security@2.8.0@egg-security/app/extend/helper.js",
    "start": 1592384640863,
    "end": 1592384640879,
    "duration": 16,
    "pid": 10840,
    "index": 46
  },
  {
    "name": "Require(39) node_modules/_egg@2.26.1@egg/app/extend/helper.js",
    "start": 1592384640880,
    "end": 1592384640881,
    "duration": 1,
    "pid": 10840,
    "index": 47
  },
  {
    "name": "Require(40) app/extend/helper.js",
    "start": 1592384640881,
    "end": 1592384640883,
    "duration": 2,
    "pid": 10840,
    "index": 48
  },
  {
    "name": "Load app.js",
    "start": 1592384640885,
    "end": 1592384640921,
    "duration": 36,
    "pid": 10840,
    "index": 49
  },
  {
    "name": "Require(41) node_modules/_egg-session@3.2.0@egg-session/app.js",
    "start": 1592384640885,
    "end": 1592384640885,
    "duration": 0,
    "pid": 10840,
    "index": 50
  },
  {
    "name": "Require(42) node_modules/_egg-security@2.8.0@egg-security/app.js",
    "start": 1592384640885,
    "end": 1592384640887,
    "duration": 2,
    "pid": 10840,
    "index": 51
  },
  {
    "name": "Require(43) node_modules/_egg-onerror@2.1.0@egg-onerror/app.js",
    "start": 1592384640888,
    "end": 1592384640896,
    "duration": 8,
    "pid": 10840,
    "index": 52
  },
  {
    "name": "Require(44) node_modules/_egg-i18n@2.1.1@egg-i18n/app.js",
    "start": 1592384640897,
    "end": 1592384640905,
    "duration": 8,
    "pid": 10840,
    "index": 53
  },
  {
    "name": "Require(45) node_modules/_egg-watcher@3.1.1@egg-watcher/app.js",
    "start": 1592384640906,
    "end": 1592384640910,
    "duration": 4,
    "pid": 10840,
    "index": 54
  },
  {
    "name": "Require(46) node_modules/_egg-schedule@3.6.4@egg-schedule/app.js",
    "start": 1592384640910,
    "end": 1592384640915,
    "duration": 5,
    "pid": 10840,
    "index": 55
  },
  {
    "name": "Require(47) node_modules/_egg-multipart@2.10.3@egg-multipart/app.js",
    "start": 1592384640916,
    "end": 1592384640916,
    "duration": 0,
    "pid": 10840,
    "index": 56
  },
  {
    "name": "Require(48) node_modules/_egg-development@2.5.0@egg-development/app.js",
    "start": 1592384640916,
    "end": 1592384640917,
    "duration": 1,
    "pid": 10840,
    "index": 57
  },
  {
    "name": "Require(49) node_modules/_egg-logrotator@3.1.0@egg-logrotator/app.js",
    "start": 1592384640917,
    "end": 1592384640917,
    "duration": 0,
    "pid": 10840,
    "index": 58
  },
  {
    "name": "Require(50) node_modules/_egg-static@2.2.0@egg-static/app.js",
    "start": 1592384640918,
    "end": 1592384640918,
    "duration": 0,
    "pid": 10840,
    "index": 59
  },
  {
    "name": "Require(51) node_modules/_egg-mongoose@3.2.0@egg-mongoose/app.js",
    "start": 1592384640918,
    "end": 1592384640919,
    "duration": 1,
    "pid": 10840,
    "index": 60
  },
  {
    "name": "Require(52) node_modules/_egg-view-ejs@2.0.1@egg-view-ejs/app.js",
    "start": 1592384640919,
    "end": 1592384640919,
    "duration": 0,
    "pid": 10840,
    "index": 61
  },
  {
    "name": "Require(53) node_modules/_egg-jwt@3.1.7@egg-jwt/app.js",
    "start": 1592384640920,
    "end": 1592384640920,
    "duration": 0,
    "pid": 10840,
    "index": 62
  },
  {
    "name": "Before Start in node_modules/_egg-watcher@3.1.1@egg-watcher/lib/init.js:15:14",
    "start": 1592384640929,
    "end": 1592384641688,
    "duration": 759,
    "pid": 10840,
    "index": 63
  },
  {
    "name": "Before Start in node_modules/_egg-mongoose@3.2.0@egg-mongoose/lib/mongoose.js:91:7",
    "start": 1592384641324,
    "end": 1592384641686,
    "duration": 362,
    "pid": 10840,
    "index": 64
  },
  {
    "name": "Before Start in node_modules/_egg-mongoose@3.2.0@egg-mongoose/lib/mongoose.js:49:9",
    "start": 1592384641325,
    "end": 1592384641658,
    "duration": 333,
    "pid": 10840,
    "index": 65
  },
  {
    "name": "Load Service",
    "start": 1592384641329,
    "end": 1592384641516,
    "duration": 187,
    "pid": 10840,
    "index": 66
  },
  {
    "name": "Load \"service\" to Context",
    "start": 1592384641329,
    "end": 1592384641516,
    "duration": 187,
    "pid": 10840,
    "index": 67
  },
  {
    "name": "Load Middleware",
    "start": 1592384641517,
    "end": 1592384641589,
    "duration": 72,
    "pid": 10840,
    "index": 68
  },
  {
    "name": "Load \"middlewares\" to Application",
    "start": 1592384641517,
    "end": 1592384641579,
    "duration": 62,
    "pid": 10840,
    "index": 69
  },
  {
    "name": "Load Controller",
    "start": 1592384641589,
    "end": 1592384641601,
    "duration": 12,
    "pid": 10840,
    "index": 70
  },
  {
    "name": "Load \"controller\" to Application",
    "start": 1592384641589,
    "end": 1592384641601,
    "duration": 12,
    "pid": 10840,
    "index": 71
  },
  {
    "name": "Load Router",
    "start": 1592384641601,
    "end": 1592384641605,
    "duration": 4,
    "pid": 10840,
    "index": 72
  },
  {
    "name": "Require(54) app/router.js",
    "start": 1592384641601,
    "end": 1592384641602,
    "duration": 1,
    "pid": 10840,
    "index": 73
  },
  {
    "name": "Before Start in node_modules/_egg-core@4.17.4@egg-core/lib/egg.js:303:10",
    "start": 1592384641603,
    "end": 1592384641658,
    "duration": 55,
    "pid": 10840,
    "index": 74
  },
  {
    "name": "Load \"model\" to Application",
    "start": 1592384641619,
    "end": 1592384641657,
    "duration": 38,
    "pid": 10840,
    "index": 75
  }
]